<?xml version="1.0" encoding="utf-8"?>
<!DOCTYPE nta PUBLIC '-//Uppaal Team//DTD Flat System 1.1//EN' 'http://www.it.uu.se/research/group/darts/uppaal/flat-1_2.dtd'>
<nta>
	<declaration>// Place global declarations here.
const int nil = 0;
const int not_nil = 1;
const int initialize_counter = 1;
const int counter = 2;
const int increment = 3;

int s_name;
int s_num;
int s_superstate;
int s_operator_o_name;
int s_operator_o_first;

broadcast chan Run_Rule;

</declaration>
	<template>
		<name x="5" y="5">counter_apply_initialize_counter</name>
		<declaration>// Place local declarations here.
</declaration>
		<location id="id0" x="-2346" y="-2312">
			<name x="-2356" y="-2342">Run</name>
		</location>
		<location id="id1" x="-2627" y="-2311">
			<name x="-2637" y="-2341">Start</name>
			<committed/>
		</location>
		<init ref="id1"/>
		<transition>
			<source ref="id0"/>
			<target ref="id1"/>
			<label kind="synchronisation" x="-2524" y="-2252">Run_Rule?</label>
			<nail x="-2490" y="-2252"/>
		</transition>
		<transition>
			<source ref="id1"/>
			<target ref="id0"/>
			<label kind="guard" x="-2618" y="-2371">s_operator_o_name == initialize_counter</label>
			<label kind="synchronisation" x="-2533" y="-2388">Run_Rule?</label>
			<label kind="assignment" x="-2584" y="-2354">s_name = counter, s_num = 2</label>
		</transition>
	</template>
	<template>
		<name>counter_propose_initialize_counter</name>
		<location id="id2" x="-2686" y="-2303">
			<name x="-2696" y="-2333">Run</name>
		</location>
		<location id="id3" x="-3034" y="-2303">
			<name x="-3044" y="-2333">Start</name>
			<committed/>
		</location>
		<init ref="id3"/>
		<transition>
			<source ref="id2"/>
			<target ref="id3"/>
			<label kind="synchronisation" x="-2890" y="-2210">Run_Rule?</label>
			<nail x="-2847" y="-2218"/>
		</transition>
		<transition>
			<source ref="id3"/>
			<target ref="id2"/>
			<label kind="guard" x="-2992" y="-2371">s_superstate == nil &amp;&amp; s_name == nil</label>
			<label kind="synchronisation" x="-2898" y="-2397">Run_Rule?</label>
			<label kind="assignment" x="-2983" y="-2346">s_operator_o_name = initialize_counter, 
s_superstate = not_nil</label>
		</transition>
	</template>
	<template>
		<name>counter_propose_increment</name>
		<location id="id4" x="-2346" y="-2439">
			<name x="-2356" y="-2469">Run</name>
		</location>
		<location id="id5" x="-2669" y="-2439">
			<name x="-2679" y="-2469">Start</name>
			<committed/>
		</location>
		<init ref="id5"/>
		<transition>
			<source ref="id4"/>
			<target ref="id5"/>
			<label kind="synchronisation" x="-2550" y="-2363">Run_Rule?</label>
			<nail x="-2524" y="-2363"/>
		</transition>
		<transition>
			<source ref="id5"/>
			<target ref="id4"/>
			<label kind="guard" x="-2584" y="-2507">s_name == counter</label>
			<label kind="synchronisation" x="-2567" y="-2533">Run_Rule?</label>
			<label kind="assignment" x="-2618" y="-2482">s_operator_o_name = increment, 
s_operator_o_first = s_num</label>
		</transition>
	</template>
	<template>
		<name>counter_apply_increment</name>
		<location id="id6" x="-2465" y="-1844">
			<name x="-2475" y="-1874">Run</name>
		</location>
		<location id="id7" x="-2830" y="-1844">
			<name x="-2840" y="-1874">Start</name>
			<committed/>
		</location>
		<init ref="id7"/>
		<transition>
			<source ref="id6"/>
			<target ref="id7"/>
			<label kind="synchronisation" x="-2686" y="-1785">Run_Rule?</label>
			<nail x="-2643" y="-1793"/>
		</transition>
		<transition>
			<source ref="id7"/>
			<target ref="id6"/>
			<label kind="guard" x="-2745" y="-1921">s_name == counter &amp;&amp; 
s_operator_o_name == increment &amp;&amp;
s_operator_o_first == s_num</label>
			<label kind="synchronisation" x="-2694" y="-1938">Run_Rule?</label>
			<label kind="assignment" x="-2720" y="-1870">s_num = s_num + 1</label>
		</transition>
	</template>
	<template>
		<name>counter_detect_goal_achieved</name>
		<location id="id8" x="-2136" y="-1064">
			<name x="-2146" y="-1094">Goal_Achieved</name>
		</location>
		<location id="id9" x="-2448" y="-1064">
			<name x="-2473" y="-1096">Start</name>
			<committed/>
		</location>
		<init ref="id9"/>
		<transition>
			<source ref="id9"/>
			<target ref="id8"/>
			<label kind="guard" x="-2405" y="-1096">s_name == counter &amp;&amp; s_num ==7</label>
		</transition>
	</template>
	<template>
		<name>scheduler</name>
		<location id="id10" x="34" y="-170">
			<name x="-25" y="-204">Check</name>
		</location>
		<location id="id11" x="-425" y="-170">
			<name x="-433" y="-212">Run</name>
			<committed/>
		</location>
		<location id="id12" x="-570" y="-170">
			<name x="-612" y="-212">Start</name>
		</location>
		<init ref="id12"/>
		<transition>
			<source ref="id10"/>
			<target ref="id11"/>
			<label kind="synchronisation" x="-229" y="-119">Run_Rule!</label>
			<nail x="-187" y="-127"/>
		</transition>
		<transition>
			<source ref="id11"/>
			<target ref="id10"/>
			<label kind="guard" x="-331" y="-212">!(s_name == counter &amp;&amp; s_num ==7 )</label>
		</transition>
		<transition>
			<source ref="id12"/>
			<target ref="id11"/>
			<label kind="synchronisation" x="-536" y="-187">Run_Rule!</label>
		</transition>
	</template>
	<system>// Place template instantiations here.
rule_1 = counter_propose_initialize_counter(); //cpic
rule_2 = counter_apply_initialize_counter();//caic
rule_3 = counter_propose_increment();//cpi
rule_4 = counter_apply_increment();//cai
goal = counter_detect_goal_achieved();//cdga
schd = scheduler();

// List one or more processes to be composed into a system.
system rule_1, rule_2, rule_3, rule_4, goal, schd;</system>
	<queries>
		<query>
			<formula>A&lt;&gt; goal.Goal_Achieved
			</formula>
			<comment>
			</comment>
		</query>
		<query>
			<formula>A[] !goal.Goal_Achieved
			</formula>
			<comment>
			</comment>
		</query>
		<query>
			<formula>E&lt;&gt; s_num ==7
			</formula>
			<comment>
			</comment>
		</query>
		<query>
			<formula>E&lt;&gt; s_num &gt;7
			</formula>
			<comment>
			</comment>
		</query>
		<query>
			<formula>A&lt;&gt; s_num ==7
			</formula>
			<comment>
			</comment>
		</query>
	</queries>
</nta>
