<?xml version="1.0" encoding="utf-8"?><!DOCTYPE nta PUBLIC '-//Uppaal Team//DTD Flat System 1.1//EN' 'http://www.it.uu.se/research/group/darts/uppaal/flat-1_1.dtd'><nta><declaration>// Place global declarations here.
int s_Operator_Name;
typedef int[0,3] operatorName;
const int nil = 0;
const int initialize_counter = 1;
const int counter = 2;
const int increment = 3;
int s1_num_c;
int phase;


int s1_operator_name;
int s1_name;
int s1_num;
int s1_superstate;
int s1_operator_first;
int s1_operator_o1_name;
int s1_operator_o2_name;
int s1_operator_o3_name;
int s1_operator_o2_first;
bool inExecution;
bool cpi_clean_up = true;
bool cpic_clean_up = true;
chan Execute_cpi;
chan Execute_cpic;
chan Execute_cdga;
bool cpi_done;
bool cpic_done;
bool cleanup_done;
bool mission_done;
chan Apply_Done;
chan Execute_cpic_cleanup;
chan Execute_cpi_cleanup;
bool cpic_cleanup_done;
bool cpi_cleanup_done;


</declaration><template><name x="5" y="5">counter_apply_initialize_counter</name><declaration>// Place local declarations here.
</declaration><location id="id0" x="-1608" y="-1320"><name x="-1618" y="-1350">Apply_CAIC</name><committed/></location><location id="id1" x="-1888" y="-1328"><name x="-1898" y="-1358">Start</name><urgent/></location><init ref="id1"/><transition><source ref="id0"/><target ref="id1"/><label kind="synchronisation" x="-1792" y="-1224">Apply_Done!</label><label kind="assignment" x="-1800" y="-1264">inExecution = false</label><nail x="-1744" y="-1272"/></transition><transition><source ref="id1"/><target ref="id0"/><label kind="guard" x="-1848" y="-1432">phase == 1 &amp;&amp; !inExecution &amp;&amp; s1_operator_o1_name == initialize_counter</label><label kind="assignment" x="-1848" y="-1408">inExecution = true, s1_name = counter, s1_num = 2</label><nail x="-1752" y="-1384"/></transition></template><template><name>counter_propose_initialize_counter</name><location id="id2" x="-1216" y="-968"><name x="-1226" y="-998">Propose_CAIC</name><committed/></location><location id="id3" x="-1568" y="-968"><name x="-1578" y="-998">Start</name></location><init ref="id3"/><transition><source ref="id3"/><target ref="id3"/><label kind="guard" x="-1984" y="-1000">!cpic_clean_up &amp;&amp; phase == 2 &amp;&amp; !inExecution &amp;&amp; 
!(s1_name == nil)</label><label kind="synchronisation" x="-1888" y="-1024">Execute_cpic_cleanup?</label><label kind="assignment" x="-1976" y="-960">s1_operator_o1_name = nil, 
cpic_clean_up = true, cleanup_done = true</label><nail x="-1640" y="-888"/><nail x="-1640" y="-1040"/></transition><transition><source ref="id2"/><target ref="id3"/><label kind="assignment" x="-1496" y="-848">inExecution = false, cpic_done = true</label><nail x="-1392" y="-856"/></transition><transition><source ref="id3"/><target ref="id2"/><label kind="guard" x="-1504" y="-1080">phase == 0 &amp;&amp; !inExecution 
&amp;&amp; s1_superstate == nil &amp;&amp; s1_name == nil</label><label kind="synchronisation" x="-1448" y="-1000">Execute_cpic?</label><label kind="assignment" x="-1504" y="-1040">inExecution = true, s1_operator_o1_name = initialize_counter, 
cpic_clean_up = false</label></transition></template><template><name>counter_propose_increment</name><location id="id4" x="-832" y="-776"><name x="-842" y="-806">Propose_CPI</name><committed/></location><location id="id5" x="-1224" y="-776"><name x="-1234" y="-806">Start</name></location><init ref="id5"/><transition><source ref="id5"/><target ref="id5"/><label kind="guard" x="-1656" y="-864">!cpi_clean_up &amp;&amp; phase == 2 &amp;&amp; (!(s1_name == counter) 
||(!(s1_num_c == s1_num))) &amp;&amp; !inExecution</label><label kind="synchronisation" x="-1584" y="-888">Execute_cpi_cleanup?</label><label kind="assignment" x="-1656" y="-832">s1_operator_o2_name = nil,
s1_operator_o2_first = nil, 
cpi_clean_up = true, cleanup_done = true</label><nail x="-1288" y="-720"/><nail x="-1288" y="-848"/></transition><transition><source ref="id4"/><target ref="id5"/><label kind="assignment" x="-1120" y="-776">inExecution = false, cpi_done = true</label></transition><transition><source ref="id5"/><target ref="id4"/><label kind="guard" x="-1120" y="-968">phase == 0 &amp;&amp; !inExecution &amp;&amp; s1_name == counter</label><label kind="synchronisation" x="-1120" y="-984">Execute_cpi?</label><label kind="assignment" x="-1120" y="-952">inExecution = true,
s1_num_c = s1_num, 
s1_operator_o2_name = increment, 
s1_operator_o2_first = s1_num_c,
cpi_clean_up = false</label><nail x="-1032" y="-856"/></transition></template><template><name>counter_apply_increment</name><location id="id6" x="-1552" y="-792"><name x="-1562" y="-822">Apply_CAI_2</name></location><location id="id7" x="-1752" y="-792"><name x="-1784" y="-840">Apply_CAI_1</name><committed/></location><location id="id8" x="-1944" y="-792"><name x="-1954" y="-822">Start</name></location><init ref="id8"/><transition><source ref="id7"/><target ref="id8"/><label kind="guard" x="-1872" y="-752">!(s1_operator_o2_name == increment 
&amp;&amp; s1_operator_o2_first == s1_num_c)</label><label kind="assignment" x="-1848" y="-720">inExecution = false</label><nail x="-1840" y="-752"/></transition><transition><source ref="id6"/><target ref="id8"/><label kind="synchronisation" x="-1776" y="-688">Apply_Done!</label><label kind="assignment" x="-1776" y="-648">inExecution = false</label><nail x="-1616" y="-664"/><nail x="-1832" y="-664"/></transition><transition><source ref="id7"/><target ref="id6"/><label kind="guard" x="-1712" y="-920">s1_operator_o2_name == increment 
&amp;&amp; s1_operator_o2_first == s1_num_c</label><label kind="assignment" x="-1688" y="-872">s1_num = s1_num_c + 1</label><nail x="-1648" y="-856"/></transition><transition><source ref="id8"/><target ref="id7"/><label kind="guard" x="-2008" y="-912">phase == 1 &amp;&amp; !inExecution &amp;&amp; 
s1_name == counter</label><label kind="assignment" x="-1984" y="-872">inExecution = true, s1_num_c= s1_num</label><nail x="-1856" y="-848"/></transition></template><template><name>counter_detect_goal_achieved</name><location id="id9" x="-2136" y="-1064"><name x="-2146" y="-1094">Goal_Achieved</name></location><location id="id10" x="-2448" y="-1064"><name x="-2472" y="-1096">Start</name></location><init ref="id10"/><transition><source ref="id10"/><target ref="id9"/><label kind="guard" x="-2416" y="-1120">!inExecution &amp;&amp; s1_name == counter &amp;&amp; s1_num ==7</label><label kind="synchronisation" x="-2312" y="-1152">Execute_cdga?</label><label kind="assignment" x="-2408" y="-1048">inExecution = true, mission_done = true</label></transition></template><template><name>scheduler</name><location id="id11" x="-2304" y="-1664"></location><location id="id12" x="-1888" y="-1664"></location><location id="id13" x="-2096" y="-1664"></location><location id="id14" x="-2528" y="-1664"></location><location id="id15" x="-1888" y="-1808"></location><location id="id16" x="-2096" y="-1808"></location><location id="id17" x="-2304" y="-1808"></location><location id="id18" x="-2528" y="-1808"><committed/></location><init ref="id18"/><transition><source ref="id13"/><target ref="id11"/><label kind="guard" x="-2272" y="-1608">(s1_operator_o2_name == nil) &amp;&amp;
(s1_operator_o2_first == nil)</label><nail x="-2200" y="-1608"/></transition><transition><source ref="id13"/><target ref="id11"/><label kind="guard" x="-2256" y="-1720">cpic_cleanup_done</label><label kind="synchronisation" x="-2264" y="-1704">Execute_cpi_cleanup!</label><label kind="assignment" x="-2272" y="-1688">cpi_cleanup_done = true</label></transition><transition><source ref="id12"/><target ref="id13"/><label kind="guard" x="-2024" y="-1616">s1_operator_o1_name == nil</label><nail x="-1968" y="-1616"/></transition><transition><source ref="id12"/><target ref="id13"/><label kind="synchronisation" x="-2048" y="-1712">Execute_cpic_cleanup!</label><label kind="assignment" x="-2064" y="-1696">cpic_cleanup_done = true</label></transition><transition><source ref="id15"/><target ref="id12"/><label kind="synchronisation" x="-1872" y="-1776">Apply_Done?</label><label kind="assignment" x="-1960" y="-1752">phase = 2</label></transition><transition><source ref="id14"/><target ref="id18"/><label kind="guard" x="-2720" y="-1720">!(s1_num == 7)</label><nail x="-2616" y="-1728"/></transition><transition><source ref="id14"/><target ref="id18"/><label kind="synchronisation" x="-2480" y="-1768">Execute_cdga!</label></transition><transition><source ref="id11"/><target ref="id14"/><label kind="guard" x="-2472" y="-1656">cleanup_done</label><label kind="assignment" x="-2504" y="-1632">cleanup_done=false, phase = 0</label></transition><transition><source ref="id18"/><target ref="id17"/><label kind="guard" x="-2464" y="-1944">!(s1_name == nil) 
&amp;&amp; !mission_done</label><label kind="assignment" x="-2464" y="-1912">cpic_done = true</label><nail x="-2416" y="-1872"/></transition><transition><source ref="id17"/><target ref="id16"/><label kind="guard" x="-2280" y="-1944">!(s1_name == counter) &amp;&amp; cpic_done</label><label kind="assignment" x="-2256" y="-1920">cpi_done = true</label><nail x="-2200" y="-1872"/></transition><transition><source ref="id16"/><target ref="id15"/><label kind="guard" x="-2072" y="-1872">cpi_done</label><label kind="assignment" x="-2072" y="-1856">phase = 1, cpic_done = false, 
cpi_done = false</label></transition><transition><source ref="id17"/><target ref="id16"/><label kind="guard" x="-2248" y="-1808">cpic_done</label><label kind="synchronisation" x="-2248" y="-1792">Execute_cpi!</label></transition><transition><source ref="id18"/><target ref="id17"/><label kind="synchronisation" x="-2440" y="-1808">Execute_cpic!</label></transition></template><system>// Place template instantiations here.
executeProposeRules = scheduler();
cpic = counter_propose_initialize_counter();
caic = counter_apply_initialize_counter();
cpi = counter_propose_increment();
cai = counter_apply_increment();
cdga = counter_detect_goal_achieved();

// List one or more processes to be composed into a system.
system executeProposeRules, cpic, caic, cpi, cai,  cdga;</system></nta>